{
  "bands": [
    {
      "name": "Courts_Weeknights_5_9pm",
      "resource_type": "court",
      "days_of_week": [
        1,
        2,
        3,
        4,
        5
      ],
      "start_hour": 17,
      "end_hour": 21
    },
    {
      "name": "Courts_Weekend_8a_8p",
      "resource_type": "court",
      "days_of_week": [
        6,
        7
      ],
      "start_hour": 8,
      "end_hour": 20
    },
    {
      "name": "Turf_AfterSchool_3_6pm",
      "resource_type": "turf",
      "days_of_week": [
        1,
        2,
        3,
        4,
        5
      ],
      "start_hour": 15,
      "end_hour": 18
    },
    {
      "name": "Turf_Prime_6_10pm",
      "resource_type": "turf",
      "days_of_week": [
        1,
        2,
        3,
        4,
        5,
        6,
        7
      ],
      "start_hour": 18,
      "end_hour": 22
    },
    {
      "name": "Weekend_Tournaments",
      "resource_type": "turf_or_court",
      "days_of_week": [
        6,
        7
      ],
      "start_hour": 6,
      "end_hour": 22
    }
  ],
  "utilization_thresholds": {
    "raise_low": 0.85,
    "raise_high": 0.92,
    "hold_low": 0.8,
    "aggressive_sellout": 0.95
  },
  "leadtime_drop_thresholds": {
    "raise_low": 0.2,
    "raise_high": 0.3
  },
  "max_single_move_pct": 0.12,
  "default_raise_low_pct": 0.07,
  "default_raise_high_pct": 0.1,
  "rollback_utilization_floor": 0.8,
  "rollback_fraction": 0.5,
  "window": "W-MON",
  "lookback_weeks": 8,
  "min_samples_per_band": 15,
  "price_floor_multiplier": 0.75,
  "price_ceiling_multiplier": 1.75
}