{
  "assets": [
    {
      "name": "Court 1",
      "type": "court"
    },
    {
      "name": "Court 2",
      "type": "court"
    },
    {
      "name": "Court 3",
      "type": "court"
    },
    {
      "name": "Court 4",
      "type": "court"
    },
    {
      "name": "Turf A (Full)",
      "type": "turf"
    },
    {
      "name": "Turf B (Half)",
      "type": "turf_half"
    }
  ],
  "sports": [
    "Basketball",
    "Volleyball",
    "Pickleball",
    "Soccer",
    "Lacrosse",
    "Baseball/Softball"
  ]
}