{
  "assets": [
    {
      "name": "Scoreboard Wrap",
      "tier": "Gold",
      "avail": true,
      "base_value": 15000
    },
    {
      "name": "Center Court Logo",
      "tier": "Platinum",
      "avail": true,
      "base_value": 25000
    },
    {
      "name": "South Entry Wall",
      "tier": "Silver",
      "avail": true,
      "base_value": 8000
    },
    {
      "name": "LED Ribbon \u2013 West",
      "tier": "Gold",
      "avail": false,
      "base_value": 12000
    },
    {
      "name": "Website Homepage Hero",
      "tier": "Silver",
      "avail": true,
      "base_value": 6000
    },
    {
      "name": "eNewsletter Header",
      "tier": "Bronze",
      "avail": true,
      "base_value": 3000
    },
    {
      "name": "Court 2 Stanchion Pads",
      "tier": "Bronze",
      "avail": true,
      "base_value": 4000
    },
    {
      "name": "Tunnel Banner",
      "tier": "Silver",
      "avail": true,
      "base_value": 7000
    },
    {
      "name": "Turf A Midfield Logo",
      "tier": "Gold",
      "avail": true,
      "base_value": 20000
    },
    {
      "name": "Event Suite Naming",
      "tier": "Platinum",
      "avail": true,
      "base_value": 30000
    }
  ]
}