date,hour,asset_id,mode,setpoint_shift,note
2025-09-14,0,Court-1,occupied,0.0,
2025-09-14,1,Court-1,occupied,0.0,
2025-09-14,2,Court-1,occupied,0.0,
2025-09-14,3,Court-1,occupied,0.0,
2025-09-14,4,Court-1,occupied,0.0,
2025-09-14,5,Court-1,occupied,0.0,
2025-09-14,6,Court-1,occupied,0.0,
2025-09-14,7,Court-1,occupied,0.0,
2025-09-14,8,Court-1,occupied,0.0,
2025-09-14,9,Court-1,occupied,0.0,
2025-09-14,10,Court-1,occupied,0.0,
2025-09-14,11,Court-1,occupied,0.0,
2025-09-14,12,Court-1,occupied,0.0,
2025-09-14,13,Court-1,occupied,0.0,
2025-09-14,14,Court-1,occupied,0.0,
2025-09-14,15,Court-1,occupied,0.0,
2025-09-14,16,Court-1,occupied,0.0,
2025-09-14,17,Court-1,occupied,0.0,
2025-09-14,18,Court-1,occupied,0.0,
2025-09-14,19,Court-1,occupied,0.0,
2025-09-14,20,Court-1,occupied,0.0,
2025-09-14,21,Court-1,occupied,0.0,
2025-09-14,22,Court-1,occupied,0.0,
2025-09-14,23,Court-1,occupied,0.0,
2025-09-14,0,Court-2,occupied,0.0,
2025-09-14,1,Court-2,occupied,0.0,
2025-09-14,2,Court-2,occupied,0.0,
2025-09-14,3,Court-2,occupied,0.0,
2025-09-14,4,Court-2,occupied,0.0,
2025-09-14,5,Court-2,occupied,0.0,
2025-09-14,6,Court-2,occupied,0.0,
2025-09-14,7,Court-2,occupied,0.0,
2025-09-14,8,Court-2,occupied,0.0,
2025-09-14,9,Court-2,occupied,0.0,
2025-09-14,10,Court-2,occupied,0.0,
2025-09-14,11,Court-2,occupied,0.0,
2025-09-14,12,Court-2,occupied,0.0,
2025-09-14,13,Court-2,occupied,0.0,
2025-09-14,14,Court-2,occupied,0.0,
2025-09-14,15,Court-2,occupied,0.0,
2025-09-14,16,Court-2,occupied,0.0,
2025-09-14,17,Court-2,occupied,0.0,
2025-09-14,18,Court-2,occupied,0.0,
2025-09-14,19,Court-2,occupied,0.0,
2025-09-14,20,Court-2,occupied,0.0,
2025-09-14,21,Court-2,occupied,0.0,
2025-09-14,22,Court-2,occupied,0.0,
2025-09-14,23,Court-2,occupied,0.0,
2025-09-14,0,Court-3,occupied,0.0,
2025-09-14,1,Court-3,occupied,0.0,
2025-09-14,2,Court-3,occupied,0.0,
2025-09-14,3,Court-3,occupied,0.0,
2025-09-14,4,Court-3,occupied,0.0,
2025-09-14,5,Court-3,occupied,0.0,
2025-09-14,6,Court-3,occupied,0.0,
2025-09-14,7,Court-3,occupied,0.0,
2025-09-14,8,Court-3,occupied,0.0,
2025-09-14,9,Court-3,occupied,0.0,
2025-09-14,10,Court-3,occupied,0.0,
2025-09-14,11,Court-3,occupied,0.0,
2025-09-14,12,Court-3,occupied,0.0,
2025-09-14,13,Court-3,occupied,0.0,
2025-09-14,14,Court-3,occupied,0.0,
2025-09-14,15,Court-3,occupied,0.0,
2025-09-14,16,Court-3,occupied,0.0,
2025-09-14,17,Court-3,occupied,0.0,
2025-09-14,18,Court-3,occupied,0.0,
2025-09-14,19,Court-3,occupied,0.0,
2025-09-14,20,Court-3,occupied,0.0,
2025-09-14,21,Court-3,occupied,0.0,
2025-09-14,22,Court-3,occupied,0.0,
2025-09-14,23,Court-3,occupied,0.0,
2025-09-14,0,Court-4,occupied,0.0,
2025-09-14,1,Court-4,occupied,0.0,
2025-09-14,2,Court-4,occupied,0.0,
2025-09-14,3,Court-4,occupied,0.0,
2025-09-14,4,Court-4,occupied,0.0,
2025-09-14,5,Court-4,occupied,0.0,
2025-09-14,6,Court-4,occupied,0.0,
2025-09-14,7,Court-4,occupied,0.0,
2025-09-14,8,Court-4,occupied,0.0,
2025-09-14,9,Court-4,occupied,0.0,
2025-09-14,10,Court-4,occupied,0.0,
2025-09-14,11,Court-4,occupied,0.0,
2025-09-14,12,Court-4,occupied,0.0,
2025-09-14,13,Court-4,occupied,0.0,
2025-09-14,14,Court-4,occupied,0.0,
2025-09-14,15,Court-4,occupied,0.0,
2025-09-14,16,Court-4,occupied,0.0,
2025-09-14,17,Court-4,occupied,0.0,
2025-09-14,18,Court-4,occupied,0.0,
2025-09-14,19,Court-4,occupied,0.0,
2025-09-14,20,Court-4,occupied,0.0,
2025-09-14,21,Court-4,occupied,0.0,
2025-09-14,22,Court-4,occupied,0.0,
2025-09-14,23,Court-4,occupied,0.0,
2025-09-15,0,Court-1,occupied,0.0,
2025-09-15,1,Court-1,occupied,0.0,
2025-09-15,2,Court-1,occupied,0.0,
2025-09-15,3,Court-1,occupied,0.0,
2025-09-15,4,Court-1,occupied,0.0,
2025-09-15,5,Court-1,occupied,0.0,
2025-09-15,6,Court-1,occupied,0.0,
2025-09-15,7,Court-1,occupied,0.0,
2025-09-15,8,Court-1,occupied,0.0,
2025-09-15,9,Court-1,occupied,0.0,
2025-09-15,10,Court-1,occupied,0.0,
2025-09-15,11,Court-1,occupied,0.0,
2025-09-15,12,Court-1,occupied,0.0,
2025-09-15,13,Court-1,occupied,0.0,
2025-09-15,14,Court-1,occupied,0.0,
2025-09-15,15,Court-1,occupied,0.0,
2025-09-15,16,Court-1,occupied,0.0,
2025-09-15,17,Court-1,occupied,0.0,
2025-09-15,18,Court-1,occupied,0.0,
2025-09-15,19,Court-1,occupied,0.0,
2025-09-15,20,Court-1,occupied,0.0,
2025-09-15,21,Court-1,occupied,0.0,
2025-09-15,22,Court-1,occupied,0.0,
2025-09-15,23,Court-1,occupied,0.0,
2025-09-15,0,Court-2,occupied,0.0,
2025-09-15,1,Court-2,occupied,0.0,
2025-09-15,2,Court-2,occupied,0.0,
2025-09-15,3,Court-2,occupied,0.0,
2025-09-15,4,Court-2,occupied,0.0,
2025-09-15,5,Court-2,occupied,0.0,
2025-09-15,6,Court-2,occupied,0.0,
2025-09-15,7,Court-2,occupied,0.0,
2025-09-15,8,Court-2,occupied,0.0,
2025-09-15,9,Court-2,occupied,0.0,
2025-09-15,10,Court-2,occupied,0.0,
2025-09-15,11,Court-2,occupied,0.0,
2025-09-15,12,Court-2,occupied,0.0,
2025-09-15,13,Court-2,occupied,0.0,
2025-09-15,14,Court-2,occupied,0.0,
2025-09-15,15,Court-2,occupied,0.0,
2025-09-15,16,Court-2,occupied,0.0,
2025-09-15,17,Court-2,occupied,0.0,
2025-09-15,18,Court-2,occupied,0.0,
2025-09-15,19,Court-2,occupied,0.0,
2025-09-15,20,Court-2,occupied,0.0,
2025-09-15,21,Court-2,occupied,0.0,
2025-09-15,22,Court-2,occupied,0.0,
2025-09-15,23,Court-2,occupied,0.0,
2025-09-15,0,Court-3,occupied,0.0,
2025-09-15,1,Court-3,occupied,0.0,
2025-09-15,2,Court-3,occupied,0.0,
2025-09-15,3,Court-3,occupied,0.0,
2025-09-15,4,Court-3,occupied,0.0,
2025-09-15,5,Court-3,occupied,0.0,
2025-09-15,6,Court-3,occupied,0.0,
2025-09-15,7,Court-3,occupied,0.0,
2025-09-15,8,Court-3,occupied,0.0,
2025-09-15,9,Court-3,occupied,0.0,
2025-09-15,10,Court-3,occupied,0.0,
2025-09-15,11,Court-3,occupied,0.0,
2025-09-15,12,Court-3,occupied,0.0,
2025-09-15,13,Court-3,occupied,0.0,
2025-09-15,14,Court-3,occupied,0.0,
2025-09-15,15,Court-3,occupied,0.0,
2025-09-15,16,Court-3,occupied,0.0,
2025-09-15,17,Court-3,occupied,0.0,
2025-09-15,18,Court-3,occupied,0.0,
2025-09-15,19,Court-3,occupied,0.0,
2025-09-15,20,Court-3,occupied,0.0,
2025-09-15,21,Court-3,occupied,0.0,
2025-09-15,22,Court-3,occupied,0.0,
2025-09-15,23,Court-3,occupied,0.0,
2025-09-15,0,Court-4,occupied,0.0,
2025-09-15,1,Court-4,occupied,0.0,
2025-09-15,2,Court-4,occupied,0.0,
2025-09-15,3,Court-4,occupied,0.0,
2025-09-15,4,Court-4,occupied,0.0,
2025-09-15,5,Court-4,occupied,0.0,
2025-09-15,6,Court-4,occupied,0.0,
2025-09-15,7,Court-4,occupied,0.0,
2025-09-15,8,Court-4,occupied,0.0,
2025-09-15,9,Court-4,occupied,0.0,
2025-09-15,10,Court-4,occupied,0.0,
2025-09-15,11,Court-4,occupied,0.0,
2025-09-15,12,Court-4,occupied,0.0,
2025-09-15,13,Court-4,occupied,0.0,
2025-09-15,14,Court-4,occupied,0.0,
2025-09-15,15,Court-4,occupied,0.0,
2025-09-15,16,Court-4,occupied,0.0,
2025-09-15,17,Court-4,occupied,0.0,
2025-09-15,18,Court-4,occupied,0.0,
2025-09-15,19,Court-4,occupied,0.0,
2025-09-15,20,Court-4,occupied,0.0,
2025-09-15,21,Court-4,occupied,0.0,
2025-09-15,22,Court-4,occupied,0.0,
2025-09-15,23,Court-4,occupied,0.0,
2025-09-16,0,Court-1,occupied,0.0,
2025-09-16,1,Court-1,occupied,0.0,
2025-09-16,2,Court-1,occupied,0.0,
2025-09-16,3,Court-1,occupied,0.0,
2025-09-16,4,Court-1,occupied,0.0,
2025-09-16,5,Court-1,occupied,0.0,
2025-09-16,6,Court-1,occupied,0.0,
2025-09-16,7,Court-1,occupied,0.0,
2025-09-16,8,Court-1,occupied,0.0,
2025-09-16,9,Court-1,occupied,0.0,
2025-09-16,10,Court-1,occupied,0.0,
2025-09-16,11,Court-1,occupied,0.0,
2025-09-16,12,Court-1,occupied,0.0,
2025-09-16,13,Court-1,occupied,0.0,
2025-09-16,14,Court-1,occupied,0.0,
2025-09-16,15,Court-1,occupied,0.0,
2025-09-16,16,Court-1,occupied,0.0,
2025-09-16,17,Court-1,occupied,0.0,
2025-09-16,18,Court-1,occupied,0.0,
2025-09-16,19,Court-1,occupied,0.0,
2025-09-16,20,Court-1,occupied,0.0,
2025-09-16,21,Court-1,occupied,0.0,
2025-09-16,22,Court-1,occupied,0.0,
2025-09-16,23,Court-1,occupied,0.0,
2025-09-16,0,Court-2,occupied,0.0,
2025-09-16,1,Court-2,occupied,0.0,
2025-09-16,2,Court-2,occupied,0.0,
2025-09-16,3,Court-2,occupied,0.0,
2025-09-16,4,Court-2,occupied,0.0,
2025-09-16,5,Court-2,occupied,0.0,
2025-09-16,6,Court-2,occupied,0.0,
2025-09-16,7,Court-2,occupied,0.0,
2025-09-16,8,Court-2,occupied,0.0,
2025-09-16,9,Court-2,occupied,0.0,
2025-09-16,10,Court-2,occupied,0.0,
2025-09-16,11,Court-2,occupied,0.0,
2025-09-16,12,Court-2,occupied,0.0,
2025-09-16,13,Court-2,occupied,0.0,
2025-09-16,14,Court-2,occupied,0.0,
2025-09-16,15,Court-2,occupied,0.0,
2025-09-16,16,Court-2,occupied,0.0,
2025-09-16,17,Court-2,occupied,0.0,
2025-09-16,18,Court-2,occupied,0.0,
2025-09-16,19,Court-2,occupied,0.0,
2025-09-16,20,Court-2,occupied,0.0,
2025-09-16,21,Court-2,occupied,0.0,
2025-09-16,22,Court-2,occupied,0.0,
2025-09-16,23,Court-2,occupied,0.0,
2025-09-16,0,Court-3,occupied,0.0,
2025-09-16,1,Court-3,occupied,0.0,
2025-09-16,2,Court-3,occupied,0.0,
2025-09-16,3,Court-3,occupied,0.0,
2025-09-16,4,Court-3,occupied,0.0,
2025-09-16,5,Court-3,occupied,0.0,
2025-09-16,6,Court-3,occupied,0.0,
2025-09-16,7,Court-3,occupied,0.0,
2025-09-16,8,Court-3,occupied,0.0,
2025-09-16,9,Court-3,occupied,0.0,
2025-09-16,10,Court-3,occupied,0.0,
2025-09-16,11,Court-3,occupied,0.0,
2025-09-16,12,Court-3,occupied,0.0,
2025-09-16,13,Court-3,occupied,0.0,
2025-09-16,14,Court-3,occupied,0.0,
2025-09-16,15,Court-3,occupied,0.0,
2025-09-16,16,Court-3,occupied,0.0,
2025-09-16,17,Court-3,occupied,0.0,
2025-09-16,18,Court-3,occupied,0.0,
2025-09-16,19,Court-3,occupied,0.0,
2025-09-16,20,Court-3,occupied,0.0,
2025-09-16,21,Court-3,occupied,0.0,
2025-09-16,22,Court-3,occupied,0.0,
2025-09-16,23,Court-3,occupied,0.0,
2025-09-16,0,Court-4,occupied,0.0,
2025-09-16,1,Court-4,occupied,0.0,
2025-09-16,2,Court-4,occupied,0.0,
2025-09-16,3,Court-4,occupied,0.0,
2025-09-16,4,Court-4,occupied,0.0,
2025-09-16,5,Court-4,occupied,0.0,
2025-09-16,6,Court-4,occupied,0.0,
2025-09-16,7,Court-4,occupied,0.0,
2025-09-16,8,Court-4,occupied,0.0,
2025-09-16,9,Court-4,occupied,0.0,
2025-09-16,10,Court-4,occupied,0.0,
2025-09-16,11,Court-4,occupied,0.0,
2025-09-16,12,Court-4,occupied,0.0,
2025-09-16,13,Court-4,occupied,0.0,
2025-09-16,14,Court-4,occupied,0.0,
2025-09-16,15,Court-4,occupied,0.0,
2025-09-16,16,Court-4,occupied,0.0,
2025-09-16,17,Court-4,occupied,0.0,
2025-09-16,18,Court-4,occupied,0.0,
2025-09-16,19,Court-4,occupied,0.0,
2025-09-16,20,Court-4,occupied,0.0,
2025-09-16,21,Court-4,occupied,0.0,
2025-09-16,22,Court-4,occupied,0.0,
2025-09-16,23,Court-4,occupied,0.0,
2025-09-17,0,Court-1,occupied,0.0,
2025-09-17,1,Court-1,occupied,0.0,
2025-09-17,2,Court-1,occupied,0.0,
2025-09-17,3,Court-1,occupied,0.0,
2025-09-17,4,Court-1,occupied,0.0,
2025-09-17,5,Court-1,occupied,0.0,
2025-09-17,6,Court-1,occupied,0.0,
2025-09-17,7,Court-1,occupied,0.0,
2025-09-17,8,Court-1,occupied,0.0,
2025-09-17,9,Court-1,occupied,0.0,
2025-09-17,10,Court-1,occupied,0.0,
2025-09-17,11,Court-1,occupied,0.0,
2025-09-17,12,Court-1,occupied,0.0,
2025-09-17,13,Court-1,occupied,0.0,
2025-09-17,14,Court-1,occupied,0.0,
2025-09-17,15,Court-1,occupied,0.0,
2025-09-17,16,Court-1,occupied,0.0,
2025-09-17,17,Court-1,occupied,0.0,
2025-09-17,18,Court-1,occupied,0.0,
2025-09-17,19,Court-1,occupied,0.0,
2025-09-17,20,Court-1,occupied,0.0,
2025-09-17,21,Court-1,occupied,0.0,
2025-09-17,22,Court-1,occupied,0.0,
2025-09-17,23,Court-1,occupied,0.0,
2025-09-17,0,Court-2,occupied,0.0,
2025-09-17,1,Court-2,occupied,0.0,
2025-09-17,2,Court-2,occupied,0.0,
2025-09-17,3,Court-2,occupied,0.0,
2025-09-17,4,Court-2,occupied,0.0,
2025-09-17,5,Court-2,occupied,0.0,
2025-09-17,6,Court-2,occupied,0.0,
2025-09-17,7,Court-2,occupied,0.0,
2025-09-17,8,Court-2,occupied,0.0,
2025-09-17,9,Court-2,occupied,0.0,
2025-09-17,10,Court-2,occupied,0.0,
2025-09-17,11,Court-2,occupied,0.0,
2025-09-17,12,Court-2,occupied,0.0,
2025-09-17,13,Court-2,occupied,0.0,
2025-09-17,14,Court-2,occupied,0.0,
2025-09-17,15,Court-2,occupied,0.0,
2025-09-17,16,Court-2,occupied,0.0,
2025-09-17,17,Court-2,occupied,0.0,
2025-09-17,18,Court-2,occupied,0.0,
2025-09-17,19,Court-2,occupied,0.0,
2025-09-17,20,Court-2,occupied,0.0,
2025-09-17,21,Court-2,occupied,0.0,
2025-09-17,22,Court-2,occupied,0.0,
2025-09-17,23,Court-2,occupied,0.0,
2025-09-17,0,Court-3,occupied,0.0,
2025-09-17,1,Court-3,occupied,0.0,
2025-09-17,2,Court-3,occupied,0.0,
2025-09-17,3,Court-3,occupied,0.0,
2025-09-17,4,Court-3,occupied,0.0,
2025-09-17,5,Court-3,occupied,0.0,
2025-09-17,6,Court-3,occupied,0.0,
2025-09-17,7,Court-3,occupied,0.0,
2025-09-17,8,Court-3,occupied,0.0,
2025-09-17,9,Court-3,occupied,0.0,
2025-09-17,10,Court-3,occupied,0.0,
2025-09-17,11,Court-3,occupied,0.0,
2025-09-17,12,Court-3,occupied,0.0,
2025-09-17,13,Court-3,occupied,0.0,
2025-09-17,14,Court-3,occupied,0.0,
2025-09-17,15,Court-3,occupied,0.0,
2025-09-17,16,Court-3,occupied,0.0,
2025-09-17,17,Court-3,occupied,0.0,
2025-09-17,18,Court-3,occupied,0.0,
2025-09-17,19,Court-3,occupied,0.0,
2025-09-17,20,Court-3,occupied,0.0,
2025-09-17,21,Court-3,occupied,0.0,
2025-09-17,22,Court-3,occupied,0.0,
2025-09-17,23,Court-3,occupied,0.0,
2025-09-17,0,Court-4,occupied,0.0,
2025-09-17,1,Court-4,occupied,0.0,
2025-09-17,2,Court-4,occupied,0.0,
2025-09-17,3,Court-4,occupied,0.0,
2025-09-17,4,Court-4,occupied,0.0,
2025-09-17,5,Court-4,occupied,0.0,
2025-09-17,6,Court-4,occupied,0.0,
2025-09-17,7,Court-4,occupied,0.0,
2025-09-17,8,Court-4,occupied,0.0,
2025-09-17,9,Court-4,occupied,0.0,
2025-09-17,10,Court-4,occupied,0.0,
2025-09-17,11,Court-4,occupied,0.0,
2025-09-17,12,Court-4,occupied,0.0,
2025-09-17,13,Court-4,occupied,0.0,
2025-09-17,14,Court-4,occupied,0.0,
2025-09-17,15,Court-4,occupied,0.0,
2025-09-17,16,Court-4,occupied,0.0,
2025-09-17,17,Court-4,occupied,0.0,
2025-09-17,18,Court-4,occupied,0.0,
2025-09-17,19,Court-4,occupied,0.0,
2025-09-17,20,Court-4,occupied,0.0,
2025-09-17,21,Court-4,occupied,0.0,
2025-09-17,22,Court-4,occupied,0.0,
2025-09-17,23,Court-4,occupied,0.0,
2025-09-18,0,Court-1,occupied,0.0,
2025-09-18,1,Court-1,occupied,0.0,
2025-09-18,2,Court-1,occupied,0.0,
2025-09-18,3,Court-1,occupied,0.0,
2025-09-18,4,Court-1,occupied,0.0,
2025-09-18,5,Court-1,occupied,0.0,
2025-09-18,6,Court-1,occupied,0.0,
2025-09-18,7,Court-1,occupied,0.0,
2025-09-18,8,Court-1,occupied,0.0,
2025-09-18,9,Court-1,occupied,0.0,
2025-09-18,10,Court-1,occupied,0.0,
2025-09-18,11,Court-1,occupied,0.0,
2025-09-18,12,Court-1,occupied,0.0,
2025-09-18,13,Court-1,occupied,0.0,
2025-09-18,14,Court-1,occupied,0.0,
2025-09-18,15,Court-1,occupied,0.0,
2025-09-18,16,Court-1,occupied,0.0,
2025-09-18,17,Court-1,occupied,0.0,
2025-09-18,18,Court-1,occupied,0.0,
2025-09-18,19,Court-1,occupied,0.0,
2025-09-18,20,Court-1,occupied,0.0,
2025-09-18,21,Court-1,occupied,0.0,
2025-09-18,22,Court-1,occupied,0.0,
2025-09-18,23,Court-1,occupied,0.0,
2025-09-18,0,Court-2,occupied,0.0,
2025-09-18,1,Court-2,occupied,0.0,
2025-09-18,2,Court-2,occupied,0.0,
2025-09-18,3,Court-2,occupied,0.0,
2025-09-18,4,Court-2,occupied,0.0,
2025-09-18,5,Court-2,occupied,0.0,
2025-09-18,6,Court-2,occupied,0.0,
2025-09-18,7,Court-2,occupied,0.0,
2025-09-18,8,Court-2,occupied,0.0,
2025-09-18,9,Court-2,occupied,0.0,
2025-09-18,10,Court-2,occupied,0.0,
2025-09-18,11,Court-2,occupied,0.0,
2025-09-18,12,Court-2,occupied,0.0,
2025-09-18,13,Court-2,occupied,0.0,
2025-09-18,14,Court-2,occupied,0.0,
2025-09-18,15,Court-2,occupied,0.0,
2025-09-18,16,Court-2,occupied,0.0,
2025-09-18,17,Court-2,occupied,0.0,
2025-09-18,18,Court-2,occupied,0.0,
2025-09-18,19,Court-2,occupied,0.0,
2025-09-18,20,Court-2,occupied,0.0,
2025-09-18,21,Court-2,occupied,0.0,
2025-09-18,22,Court-2,occupied,0.0,
2025-09-18,23,Court-2,occupied,0.0,
2025-09-18,0,Court-3,occupied,0.0,
2025-09-18,1,Court-3,occupied,0.0,
2025-09-18,2,Court-3,occupied,0.0,
2025-09-18,3,Court-3,occupied,0.0,
2025-09-18,4,Court-3,occupied,0.0,
2025-09-18,5,Court-3,occupied,0.0,
2025-09-18,6,Court-3,occupied,0.0,
2025-09-18,7,Court-3,occupied,0.0,
2025-09-18,8,Court-3,occupied,0.0,
2025-09-18,9,Court-3,occupied,0.0,
2025-09-18,10,Court-3,occupied,0.0,
2025-09-18,11,Court-3,occupied,0.0,
2025-09-18,12,Court-3,occupied,0.0,
2025-09-18,13,Court-3,occupied,0.0,
2025-09-18,14,Court-3,occupied,0.0,
2025-09-18,15,Court-3,occupied,0.0,
2025-09-18,16,Court-3,occupied,0.0,
2025-09-18,17,Court-3,occupied,0.0,
2025-09-18,18,Court-3,occupied,0.0,
2025-09-18,19,Court-3,occupied,0.0,
2025-09-18,20,Court-3,occupied,0.0,
2025-09-18,21,Court-3,occupied,0.0,
2025-09-18,22,Court-3,occupied,0.0,
2025-09-18,23,Court-3,occupied,0.0,
2025-09-18,0,Court-4,occupied,0.0,
2025-09-18,1,Court-4,occupied,0.0,
2025-09-18,2,Court-4,occupied,0.0,
2025-09-18,3,Court-4,occupied,0.0,
2025-09-18,4,Court-4,occupied,0.0,
2025-09-18,5,Court-4,occupied,0.0,
2025-09-18,6,Court-4,occupied,0.0,
2025-09-18,7,Court-4,occupied,0.0,
2025-09-18,8,Court-4,occupied,0.0,
2025-09-18,9,Court-4,occupied,0.0,
2025-09-18,10,Court-4,occupied,0.0,
2025-09-18,11,Court-4,occupied,0.0,
2025-09-18,12,Court-4,occupied,0.0,
2025-09-18,13,Court-4,occupied,0.0,
2025-09-18,14,Court-4,occupied,0.0,
2025-09-18,15,Court-4,occupied,0.0,
2025-09-18,16,Court-4,occupied,0.0,
2025-09-18,17,Court-4,occupied,0.0,
2025-09-18,18,Court-4,occupied,0.0,
2025-09-18,19,Court-4,occupied,0.0,
2025-09-18,20,Court-4,occupied,0.0,
2025-09-18,21,Court-4,occupied,0.0,
2025-09-18,22,Court-4,occupied,0.0,
2025-09-18,23,Court-4,occupied,0.0,
2025-09-19,0,Court-1,occupied,0.0,
2025-09-19,1,Court-1,occupied,0.0,
2025-09-19,2,Court-1,occupied,0.0,
2025-09-19,3,Court-1,occupied,0.0,
2025-09-19,4,Court-1,occupied,0.0,
2025-09-19,5,Court-1,occupied,0.0,
2025-09-19,6,Court-1,occupied,0.0,
2025-09-19,7,Court-1,occupied,0.0,
2025-09-19,8,Court-1,occupied,0.0,
2025-09-19,9,Court-1,occupied,0.0,
2025-09-19,10,Court-1,occupied,0.0,
2025-09-19,11,Court-1,occupied,0.0,
2025-09-19,12,Court-1,occupied,0.0,
2025-09-19,13,Court-1,occupied,0.0,
2025-09-19,14,Court-1,occupied,0.0,
2025-09-19,15,Court-1,occupied,0.0,
2025-09-19,16,Court-1,occupied,0.0,
2025-09-19,17,Court-1,occupied,0.0,
2025-09-19,18,Court-1,occupied,0.0,
2025-09-19,19,Court-1,occupied,0.0,
2025-09-19,20,Court-1,occupied,0.0,
2025-09-19,21,Court-1,occupied,0.0,
2025-09-19,22,Court-1,occupied,0.0,
2025-09-19,23,Court-1,occupied,0.0,
2025-09-19,0,Court-2,occupied,0.0,
2025-09-19,1,Court-2,occupied,0.0,
2025-09-19,2,Court-2,occupied,0.0,
2025-09-19,3,Court-2,occupied,0.0,
2025-09-19,4,Court-2,occupied,0.0,
2025-09-19,5,Court-2,occupied,0.0,
2025-09-19,6,Court-2,occupied,0.0,
2025-09-19,7,Court-2,occupied,0.0,
2025-09-19,8,Court-2,occupied,0.0,
2025-09-19,9,Court-2,occupied,0.0,
2025-09-19,10,Court-2,occupied,0.0,
2025-09-19,11,Court-2,occupied,0.0,
2025-09-19,12,Court-2,occupied,0.0,
2025-09-19,13,Court-2,occupied,0.0,
2025-09-19,14,Court-2,occupied,0.0,
2025-09-19,15,Court-2,occupied,0.0,
2025-09-19,16,Court-2,occupied,0.0,
2025-09-19,17,Court-2,occupied,0.0,
2025-09-19,18,Court-2,occupied,0.0,
2025-09-19,19,Court-2,occupied,0.0,
2025-09-19,20,Court-2,occupied,0.0,
2025-09-19,21,Court-2,occupied,0.0,
2025-09-19,22,Court-2,occupied,0.0,
2025-09-19,23,Court-2,occupied,0.0,
2025-09-19,0,Court-3,occupied,0.0,
2025-09-19,1,Court-3,occupied,0.0,
2025-09-19,2,Court-3,occupied,0.0,
2025-09-19,3,Court-3,occupied,0.0,
2025-09-19,4,Court-3,occupied,0.0,
2025-09-19,5,Court-3,occupied,0.0,
2025-09-19,6,Court-3,occupied,0.0,
2025-09-19,7,Court-3,occupied,0.0,
2025-09-19,8,Court-3,occupied,0.0,
2025-09-19,9,Court-3,occupied,0.0,
2025-09-19,10,Court-3,occupied,0.0,
2025-09-19,11,Court-3,occupied,0.0,
2025-09-19,12,Court-3,occupied,0.0,
2025-09-19,13,Court-3,occupied,0.0,
2025-09-19,14,Court-3,occupied,0.0,
2025-09-19,15,Court-3,occupied,0.0,
2025-09-19,16,Court-3,occupied,0.0,
2025-09-19,17,Court-3,occupied,0.0,
2025-09-19,18,Court-3,occupied,0.0,
2025-09-19,19,Court-3,occupied,0.0,
2025-09-19,20,Court-3,occupied,0.0,
2025-09-19,21,Court-3,occupied,0.0,
2025-09-19,22,Court-3,occupied,0.0,
2025-09-19,23,Court-3,occupied,0.0,
2025-09-19,0,Court-4,occupied,0.0,
2025-09-19,1,Court-4,occupied,0.0,
2025-09-19,2,Court-4,occupied,0.0,
2025-09-19,3,Court-4,occupied,0.0,
2025-09-19,4,Court-4,occupied,0.0,
2025-09-19,5,Court-4,occupied,0.0,
2025-09-19,6,Court-4,occupied,0.0,
2025-09-19,7,Court-4,occupied,0.0,
2025-09-19,8,Court-4,occupied,0.0,
2025-09-19,9,Court-4,occupied,0.0,
2025-09-19,10,Court-4,occupied,0.0,
2025-09-19,11,Court-4,occupied,0.0,
2025-09-19,12,Court-4,occupied,0.0,
2025-09-19,13,Court-4,occupied,0.0,
2025-09-19,14,Court-4,occupied,0.0,
2025-09-19,15,Court-4,occupied,0.0,
2025-09-19,16,Court-4,occupied,0.0,
2025-09-19,17,Court-4,occupied,0.0,
2025-09-19,18,Court-4,occupied,0.0,
2025-09-19,19,Court-4,occupied,0.0,
2025-09-19,20,Court-4,occupied,0.0,
2025-09-19,21,Court-4,occupied,0.0,
2025-09-19,22,Court-4,occupied,0.0,
2025-09-19,23,Court-4,occupied,0.0,
2025-09-20,0,Court-1,occupied,0.0,
2025-09-20,1,Court-1,occupied,0.0,
2025-09-20,2,Court-1,occupied,0.0,
2025-09-20,3,Court-1,occupied,0.0,
2025-09-20,4,Court-1,occupied,0.0,
2025-09-20,5,Court-1,occupied,0.0,
2025-09-20,6,Court-1,occupied,0.0,
2025-09-20,7,Court-1,occupied,0.0,
2025-09-20,8,Court-1,occupied,0.0,
2025-09-20,9,Court-1,occupied,0.0,
2025-09-20,10,Court-1,occupied,0.0,
2025-09-20,11,Court-1,occupied,0.0,
2025-09-20,12,Court-1,occupied,0.0,
2025-09-20,13,Court-1,occupied,0.0,
2025-09-20,14,Court-1,occupied,0.0,
2025-09-20,15,Court-1,occupied,0.0,
2025-09-20,16,Court-1,occupied,0.0,
2025-09-20,17,Court-1,occupied,0.0,
2025-09-20,18,Court-1,occupied,0.0,
2025-09-20,19,Court-1,occupied,0.0,
2025-09-20,20,Court-1,occupied,0.0,
2025-09-20,21,Court-1,occupied,0.0,
2025-09-20,22,Court-1,occupied,0.0,
2025-09-20,23,Court-1,occupied,0.0,
2025-09-20,0,Court-2,occupied,0.0,
2025-09-20,1,Court-2,occupied,0.0,
2025-09-20,2,Court-2,occupied,0.0,
2025-09-20,3,Court-2,occupied,0.0,
2025-09-20,4,Court-2,occupied,0.0,
2025-09-20,5,Court-2,occupied,0.0,
2025-09-20,6,Court-2,occupied,0.0,
2025-09-20,7,Court-2,occupied,0.0,
2025-09-20,8,Court-2,occupied,0.0,
2025-09-20,9,Court-2,occupied,0.0,
2025-09-20,10,Court-2,occupied,0.0,
2025-09-20,11,Court-2,occupied,0.0,
2025-09-20,12,Court-2,occupied,0.0,
2025-09-20,13,Court-2,occupied,0.0,
2025-09-20,14,Court-2,occupied,0.0,
2025-09-20,15,Court-2,occupied,0.0,
2025-09-20,16,Court-2,occupied,0.0,
2025-09-20,17,Court-2,occupied,0.0,
2025-09-20,18,Court-2,occupied,0.0,
2025-09-20,19,Court-2,occupied,0.0,
2025-09-20,20,Court-2,occupied,0.0,
2025-09-20,21,Court-2,occupied,0.0,
2025-09-20,22,Court-2,occupied,0.0,
2025-09-20,23,Court-2,occupied,0.0,
2025-09-20,0,Court-3,occupied,0.0,
2025-09-20,1,Court-3,occupied,0.0,
2025-09-20,2,Court-3,occupied,0.0,
2025-09-20,3,Court-3,occupied,0.0,
2025-09-20,4,Court-3,occupied,0.0,
2025-09-20,5,Court-3,occupied,0.0,
2025-09-20,6,Court-3,occupied,0.0,
2025-09-20,7,Court-3,occupied,0.0,
2025-09-20,8,Court-3,occupied,0.0,
2025-09-20,9,Court-3,occupied,0.0,
2025-09-20,10,Court-3,occupied,0.0,
2025-09-20,11,Court-3,occupied,0.0,
2025-09-20,12,Court-3,occupied,0.0,
2025-09-20,13,Court-3,occupied,0.0,
2025-09-20,14,Court-3,occupied,0.0,
2025-09-20,15,Court-3,occupied,0.0,
2025-09-20,16,Court-3,occupied,0.0,
2025-09-20,17,Court-3,occupied,0.0,
2025-09-20,18,Court-3,occupied,0.0,
2025-09-20,19,Court-3,occupied,0.0,
2025-09-20,20,Court-3,occupied,0.0,
2025-09-20,21,Court-3,occupied,0.0,
2025-09-20,22,Court-3,occupied,0.0,
2025-09-20,23,Court-3,occupied,0.0,
2025-09-20,0,Court-4,occupied,0.0,
2025-09-20,1,Court-4,occupied,0.0,
2025-09-20,2,Court-4,occupied,0.0,
2025-09-20,3,Court-4,occupied,0.0,
2025-09-20,4,Court-4,occupied,0.0,
2025-09-20,5,Court-4,occupied,0.0,
2025-09-20,6,Court-4,occupied,0.0,
2025-09-20,7,Court-4,occupied,0.0,
2025-09-20,8,Court-4,occupied,0.0,
2025-09-20,9,Court-4,occupied,0.0,
2025-09-20,10,Court-4,occupied,0.0,
2025-09-20,11,Court-4,occupied,0.0,
2025-09-20,12,Court-4,occupied,0.0,
2025-09-20,13,Court-4,occupied,0.0,
2025-09-20,14,Court-4,occupied,0.0,
2025-09-20,15,Court-4,occupied,0.0,
2025-09-20,16,Court-4,occupied,0.0,
2025-09-20,17,Court-4,occupied,0.0,
2025-09-20,18,Court-4,occupied,0.0,
2025-09-20,19,Court-4,occupied,0.0,
2025-09-20,20,Court-4,occupied,0.0,
2025-09-20,21,Court-4,occupied,0.0,
2025-09-20,22,Court-4,occupied,0.0,
2025-09-20,23,Court-4,occupied,0.0,
