{
  "version": "1.0.0",
  "metadata": {
    "author": "SportAI",
    "env": "prod"
  },
  "assets": {
    "granularity": "asset_id",
    "cluster_by": [
      "type",
      "zone"
    ],
    "id_fields": [
      "asset_id",
      "zone_id"
    ]
  },
  "features": {
    "seasonality": [
      "dow",
      "week_of_year",
      "month"
    ],
    "events": [
      "tournaments",
      "school_breaks",
      "home_games"
    ],
    "demand_signals": [
      "searches",
      "inquiries",
      "waitlist",
      "lead_time_days"
    ],
    "weather": [
      "temp",
      "precip",
      "snow"
    ],
    "lag_features": {
      "occupancy_pct_lags": [
        1,
        7,
        14
      ],
      "revenue_lags": [
        1,
        7,
        14
      ]
    }
  },
  "targets": [
    "occupancy_pct",
    "expected_rate",
    "yield_per_sqft"
  ],
  "controls": {
    "price_floor": {
      "type": "percent_of_base",
      "value": 0.7
    },
    "price_ceiling": {
      "type": "percent_of_base",
      "value": 1.8
    },
    "fairness_rules": {
      "youth_nonprime_cap": {
        "cap_type": "percent_of_base",
        "cap_value": 0.9,
        "nonprime_hours": [
          6,
          7,
          8,
          9,
          10,
          11,
          12,
          13,
          14,
          15
        ]
      },
      "community_access": {
        "eligible_groups": [
          "nonprofit_501c3",
          "schools_k12"
        ],
        "discount_type": "percent_of_base",
        "discount_value": 0.2,
        "hour_windows": [
          {
            "start": 9,
            "end": 16
          }
        ]
      },
      "ada_exemptions": {
        "apply": true,
        "notes": "No surge above base for disabled-athlete programs."
      }
    },
    "sponsor_reporting": true,
    "energy_optimization": true
  },
  "actions": {
    "dynamic_pricing": true,
    "promo_triggers": {
      "if": "lead_time_low && occupancy_low",
      "then": "offer_bundle"
    },
    "hvac": {
      "idle_setpoint_shift": 3,
      "precondition_hours": 1
    }
  }
}