{
  "zones": [
    {
      "id": "Z-A",
      "name": "Courtside A Banner",
      "linked_assets": [
        "Court-1",
        "Court-2"
      ],
      "impression_factor": 1.2
    },
    {
      "id": "Z-B",
      "name": "Courtside B Banner",
      "linked_assets": [
        "Court-3",
        "Court-4"
      ],
      "impression_factor": 1.1
    },
    {
      "id": "Z-ENTRY",
      "name": "Main Entry LED",
      "linked_assets": [
        "Court-1",
        "Court-2",
        "Court-3",
        "Court-4"
      ],
      "impression_factor": 1.6
    }
  ],
  "notes": "This file can be generated by the Sponsor Admin Suite. Zones or placements with asset links will auto-populate the dashboard."
}