{
  "$schema": "http://json-schema.org/draft-07/schema#",
  "$id": "https://sportai.dev/schemas/fincast_config.schema.json",
  "title": "SportAI FinCast Configuration",
  "type": "object",
  "required": [
    "version",
    "assets",
    "features",
    "targets",
    "controls",
    "actions"
  ],
  "additionalProperties": false,
  "properties": {
    "version": {
      "type": "string",
      "pattern": "^[0-9]+\\.[0-9]+\\.[0-9]+$",
      "description": "Semantic version of this configuration."
    },
    "metadata": {
      "type": "object",
      "additionalProperties": true,
      "description": "Optional human metadata (author, created_at, notes)."
    },
    "assets": {
      "type": "object",
      "required": [
        "granularity"
      ],
      "additionalProperties": false,
      "properties": {
        "granularity": {
          "type": "string",
          "enum": [
            "asset_id",
            "zone_id",
            "asset_type"
          ],
          "description": "Primary aggregation level for training and forecasting."
        },
        "cluster_by": {
          "type": "array",
          "items": {
            "type": "string",
            "enum": [
              "type",
              "zone",
              "surface",
              "size_bucket"
            ]
          },
          "uniqueItems": true
        },
        "id_fields": {
          "type": "array",
          "items": {
            "type": "string"
          },
          "description": "Fields to uniquely identify an asset record in the data warehouse (e.g., asset_id, zone_id)."
        }
      }
    },
    "features": {
      "type": "object",
      "required": [
        "seasonality",
        "events",
        "demand_signals",
        "weather"
      ],
      "additionalProperties": false,
      "properties": {
        "seasonality": {
          "type": "array",
          "items": {
            "type": "string",
            "enum": [
              "dow",
              "week_of_year",
              "month",
              "hour_of_day",
              "holiday"
            ]
          },
          "minItems": 1
        },
        "events": {
          "type": "array",
          "items": {
            "type": "string",
            "enum": [
              "tournaments",
              "school_breaks",
              "home_games",
              "concerts",
              "community_events"
            ]
          },
          "default": []
        },
        "demand_signals": {
          "type": "array",
          "items": {
            "type": "string",
            "enum": [
              "searches",
              "inquiries",
              "waitlist",
              "lead_time_days",
              "past_no_shows"
            ]
          },
          "minItems": 1
        },
        "weather": {
          "type": "array",
          "items": {
            "type": "string",
            "enum": [
              "temp",
              "precip",
              "snow",
              "wind"
            ]
          },
          "default": []
        },
        "lag_features": {
          "type": "object",
          "additionalProperties": false,
          "properties": {
            "occupancy_pct_lags": {
              "type": "array",
              "items": {
                "type": "integer",
                "minimum": 1
              },
              "default": [
                1,
                7,
                14
              ]
            },
            "revenue_lags": {
              "type": "array",
              "items": {
                "type": "integer",
                "minimum": 1
              },
              "default": [
                1,
                7,
                14
              ]
            }
          }
        }
      }
    },
    "targets": {
      "type": "array",
      "items": {
        "type": "string",
        "enum": [
          "occupancy_pct",
          "expected_rate",
          "expected_revenue",
          "yield_per_sqft"
        ]
      },
      "minItems": 1
    },
    "controls": {
      "type": "object",
      "required": [
        "price_floor",
        "price_ceiling",
        "fairness_rules",
        "sponsor_reporting",
        "energy_optimization"
      ],
      "additionalProperties": false,
      "properties": {
        "price_floor": {
          "type": "object",
          "required": [
            "type",
            "value"
          ],
          "additionalProperties": false,
          "properties": {
            "type": {
              "type": "string",
              "enum": [
                "absolute",
                "percent_of_base"
              ]
            },
            "value": {
              "type": "number",
              "minimum": 0
            }
          }
        },
        "price_ceiling": {
          "type": "object",
          "required": [
            "type",
            "value"
          ],
          "additionalProperties": false,
          "properties": {
            "type": {
              "type": "string",
              "enum": [
                "absolute",
                "percent_of_base"
              ]
            },
            "value": {
              "type": "number",
              "minimum": 0
            }
          }
        },
        "fairness_rules": {
          "type": "object",
          "additionalProperties": false,
          "required": [
            "youth_nonprime_cap",
            "community_access",
            "ada_exemptions"
          ],
          "properties": {
            "youth_nonprime_cap": {
              "type": "object",
              "required": [
                "cap_type",
                "cap_value",
                "nonprime_hours"
              ],
              "properties": {
                "cap_type": {
                  "type": "string",
                  "enum": [
                    "absolute",
                    "percent_of_base"
                  ]
                },
                "cap_value": {
                  "type": "number",
                  "minimum": 0
                },
                "nonprime_hours": {
                  "type": "array",
                  "items": {
                    "type": "integer",
                    "minimum": 0,
                    "maximum": 23
                  },
                  "description": "Hours of day that are considered non-prime (0-23)."
                }
              },
              "additionalProperties": false
            },
            "community_access": {
              "type": "object",
              "required": [
                "eligible_groups",
                "discount_type",
                "discount_value",
                "hour_windows"
              ],
              "properties": {
                "eligible_groups": {
                  "type": "array",
                  "items": {
                    "type": "string",
                    "enum": [
                      "nonprofit_501c3",
                      "schools_k12",
                      "rec_leagues",
                      "disabled_athletes"
                    ]
                  }
                },
                "discount_type": {
                  "type": "string",
                  "enum": [
                    "absolute",
                    "percent_of_base"
                  ]
                },
                "discount_value": {
                  "type": "number",
                  "minimum": 0
                },
                "hour_windows": {
                  "type": "array",
                  "items": {
                    "type": "object",
                    "required": [
                      "start",
                      "end"
                    ],
                    "properties": {
                      "start": {
                        "type": "integer",
                        "minimum": 0,
                        "maximum": 23
                      },
                      "end": {
                        "type": "integer",
                        "minimum": 0,
                        "maximum": 23
                      }
                    },
                    "additionalProperties": false
                  }
                }
              },
              "additionalProperties": false
            },
            "ada_exemptions": {
              "type": "object",
              "required": [
                "apply"
              ],
              "properties": {
                "apply": {
                  "type": "boolean"
                },
                "notes": {
                  "type": "string"
                }
              },
              "additionalProperties": false
            }
          }
        },
        "sponsor_reporting": {
          "type": "boolean"
        },
        "energy_optimization": {
          "type": "boolean"
        }
      }
    },
    "actions": {
      "type": "object",
      "required": [
        "dynamic_pricing",
        "promo_triggers",
        "hvac"
      ],
      "additionalProperties": false,
      "properties": {
        "dynamic_pricing": {
          "type": "boolean"
        },
        "promo_triggers": {
          "type": "object",
          "required": [
            "if",
            "then"
          ],
          "additionalProperties": false,
          "properties": {
            "if": {
              "type": "string"
            },
            "then": {
              "type": "string"
            }
          }
        },
        "hvac": {
          "type": "object",
          "required": [
            "idle_setpoint_shift",
            "precondition_hours"
          ],
          "additionalProperties": false,
          "properties": {
            "idle_setpoint_shift": {
              "type": "number",
              "minimum": 0,
              "maximum": 10
            },
            "precondition_hours": {
              "type": "number",
              "minimum": 0,
              "maximum": 6
            }
          }
        }
      }
    }
  }
}