contract_id,org_name,contact_name,email,asset,start_date,end_date,renewal_terms,annual_value,status
C0000,Org 1,Coordinator,org1@example.com,turf_half,2025-08-01,2026-08-01,Auto-renew 12 months unless canceled 30 days prior.,28321.18,expiring
C0001,Org 2,Coordinator,org2@example.com,court_full,2025-08-21,2026-08-21,Auto-renew 12 months unless canceled 30 days prior.,10126.66,active
C0002,Org 3,Coordinator,org3@example.com,turf_half,2025-09-10,2026-09-10,Auto-renew 12 months unless canceled 30 days prior.,32281.47,active
C0003,Org 4,Coordinator,org4@example.com,turf_full,2025-09-30,2026-09-30,Auto-renew 12 months unless canceled 30 days prior.,27791.77,active
C0004,Org 5,Coordinator,org5@example.com,turf_half,2025-10-20,2026-10-20,Auto-renew 12 months unless canceled 30 days prior.,23880.71,expiring
C0005,Org 6,Coordinator,org6@example.com,turf_full,2025-11-09,2026-11-09,Auto-renew 12 months unless canceled 30 days prior.,11004.67,inactive
C0006,Org 7,Coordinator,org7@example.com,court_full,2025-11-29,2026-11-29,Auto-renew 12 months unless canceled 30 days prior.,27319.41,expiring
C0007,Org 8,Coordinator,org8@example.com,court_full,2025-12-19,2026-12-19,Auto-renew 12 months unless canceled 30 days prior.,21121.68,expiring
C0008,Org 9,Coordinator,org9@example.com,court_full,2026-01-08,2027-01-08,Auto-renew 12 months unless canceled 30 days prior.,24941.1,expiring
C0009,Org 10,Coordinator,org10@example.com,turf_full,2026-01-28,2027-01-28,Auto-renew 12 months unless canceled 30 days prior.,17100.72,active
C0010,Org 11,Coordinator,org11@example.com,turf_half,2026-02-17,2027-02-17,Auto-renew 12 months unless canceled 30 days prior.,13002.9,active
C0011,Org 12,Coordinator,org12@example.com,court_full,2026-03-09,2027-03-09,Auto-renew 12 months unless canceled 30 days prior.,27257.07,active
