{
  "$schema": "http://json-schema.org/draft-07/schema#",
  "title": "SportAI FinCast Configuration",
  "type": "object",
  "required": [
    "version",
    "assets",
    "features",
    "targets",
    "controls",
    "actions"
  ],
  "additionalProperties": false,
  "properties": {
    "version": {
      "type": "string",
      "pattern": "^[0-9]+\\.[0-9]+\\.[0-9]+$"
    },
    "metadata": {
      "type": "object",
      "additionalProperties": true
    },
    "assets": {
      "type": "object",
      "required": [
        "granularity"
      ],
      "additionalProperties": false,
      "properties": {
        "granularity": {
          "type": "string",
          "enum": [
            "asset_id",
            "zone_id",
            "asset_type"
          ]
        },
        "cluster_by": {
          "type": "array",
          "items": {
            "type": "string"
          },
          "uniqueItems": true
        },
        "id_fields": {
          "type": "array",
          "items": {
            "type": "string"
          }
        }
      }
    },
    "features": {
      "type": "object",
      "required": [
        "seasonality",
        "events",
        "demand_signals",
        "weather"
      ],
      "additionalProperties": false,
      "properties": {
        "seasonality": {
          "type": "array",
          "items": {
            "type": "string"
          }
        },
        "events": {
          "type": "array",
          "items": {
            "type": "string"
          }
        },
        "demand_signals": {
          "type": "array",
          "items": {
            "type": "string"
          }
        },
        "weather": {
          "type": "array",
          "items": {
            "type": "string"
          }
        },
        "lag_features": {
          "type": "object",
          "properties": {
            "occupancy_pct_lags": {
              "type": "array",
              "items": {
                "type": "integer"
              }
            },
            "revenue_lags": {
              "type": "array",
              "items": {
                "type": "integer"
              }
            }
          },
          "additionalProperties": false
        }
      }
    },
    "targets": {
      "type": "array",
      "items": {
        "type": "string"
      }
    },
    "controls": {
      "type": "object",
      "required": [
        "price_floor",
        "price_ceiling",
        "fairness_rules",
        "sponsor_reporting",
        "energy_optimization"
      ],
      "additionalProperties": false,
      "properties": {
        "price_floor": {
          "type": "object",
          "properties": {
            "type": {
              "type": "string"
            },
            "value": {
              "type": "number"
            }
          },
          "required": [
            "type",
            "value"
          ],
          "additionalProperties": false
        },
        "price_ceiling": {
          "type": "object",
          "properties": {
            "type": {
              "type": "string"
            },
            "value": {
              "type": "number"
            }
          },
          "required": [
            "type",
            "value"
          ],
          "additionalProperties": false
        },
        "fairness_rules": {
          "type": "object",
          "additionalProperties": false,
          "required": [
            "youth_nonprime_cap",
            "community_access",
            "ada_exemptions"
          ],
          "properties": {
            "youth_nonprime_cap": {
              "type": "object",
              "required": [
                "cap_type",
                "cap_value",
                "nonprime_hours"
              ],
              "properties": {
                "cap_type": {
                  "type": "string"
                },
                "cap_value": {
                  "type": "number"
                },
                "nonprime_hours": {
                  "type": "array",
                  "items": {
                    "type": "integer"
                  }
                }
              },
              "additionalProperties": false
            },
            "community_access": {
              "type": "object",
              "required": [
                "eligible_groups",
                "discount_type",
                "discount_value",
                "hour_windows"
              ],
              "properties": {
                "eligible_groups": {
                  "type": "array",
                  "items": {
                    "type": "string"
                  }
                },
                "discount_type": {
                  "type": "string"
                },
                "discount_value": {
                  "type": "number"
                },
                "hour_windows": {
                  "type": "array",
                  "items": {
                    "type": "object",
                    "properties": {
                      "start": {
                        "type": "integer"
                      },
                      "end": {
                        "type": "integer"
                      }
                    },
                    "required": [
                      "start",
                      "end"
                    ],
                    "additionalProperties": false
                  }
                }
              },
              "additionalProperties": false
            },
            "ada_exemptions": {
              "type": "object",
              "properties": {
                "apply": {
                  "type": "boolean"
                },
                "notes": {
                  "type": "string"
                }
              },
              "required": [
                "apply"
              ],
              "additionalProperties": false
            }
          }
        },
        "sponsor_reporting": {
          "type": "boolean"
        },
        "energy_optimization": {
          "type": "boolean"
        }
      }
    },
    "actions": {
      "type": "object",
      "required": [
        "dynamic_pricing",
        "promo_triggers",
        "hvac"
      ],
      "additionalProperties": false,
      "properties": {
        "dynamic_pricing": {
          "type": "boolean"
        },
        "promo_triggers": {
          "type": "object",
          "properties": {
            "if": {
              "type": "string"
            },
            "then": {
              "type": "string"
            }
          },
          "required": [
            "if",
            "then"
          ],
          "additionalProperties": false
        },
        "hvac": {
          "type": "object",
          "properties": {
            "idle_setpoint_shift": {
              "type": "number"
            },
            "precondition_hours": {
              "type": "number"
            }
          },
          "required": [
            "idle_setpoint_shift",
            "precondition_hours"
          ],
          "additionalProperties": false
        }
      }
    }
  }
}