{
  "zones": [
    {
      "sponsor_zone_id": "Z-A",
      "name": "Courtside A Banner",
      "linked_assets": [
        "Court-1",
        "Court-2"
      ],
      "impression_factor": 1.2
    },
    {
      "sponsor_zone_id": "Z-B",
      "name": "Courtside B Banner",
      "linked_assets": [
        "Court-3",
        "Court-4"
      ],
      "impression_factor": 1.1
    },
    {
      "sponsor_zone_id": "Z-ENTRY",
      "name": "Main Entry LED",
      "linked_assets": [
        "Court-1",
        "Court-2",
        "Court-3",
        "Court-4"
      ],
      "impression_factor": 1.6
    }
  ],
  "assumptions": {
    "impressions_per_occupied_hour": 35,
    "dwell_multiplier_peak": 1.25,
    "peak_hours": [
      17,
      18,
      19,
      20
    ]
  }
}