{
  "version": "1.0",
  "prime_hours": {
    "start_hour": 17,
    "end_hour": 21,
    "weekend_prime": [
      8,
      20
    ]
  },
  "floors": {
    "turf_full": {
      "prime": 275.0,
      "offpeak": 165.0
    },
    "turf_half": {
      "prime": 165.0,
      "offpeak": 95.0
    },
    "court_full": {
      "prime": 85.0,
      "offpeak": 55.0
    }
  },
  "ceilings": {
    "turf_full": {
      "prime": 350.0,
      "offpeak": 225.0
    },
    "turf_half": {
      "prime": 225.0,
      "offpeak": 145.0
    },
    "court_full": {
      "prime": 125.0,
      "offpeak": 85.0
    }
  },
  "discounts": {
    "school": 0.85,
    "youth_nonprofit": 0.88
  },
  "weather_cap_multiplier": 1.1
}