request_id,asset,start_dt,duration_hours,lead_time_hours,org_type,member_tier,quoted_price,final_price,accepted,event_count_nearby,weather_flag
Q0000,turf_full,2025-10-20 05:00:00,2.0,233.0,youth_nonprofit,elite,306.66,279.71,0,2,0
Q0001,turf_full,2025-11-05 08:00:00,3.0,620.0,youth_nonprofit,elite,243.8,221.74,1,0,0
Q0002,turf_half,2025-10-04 01:00:00,3.0,1.0,school,basic,151.72,141.09,0,2,0
Q0003,turf_full,2025-11-17 06:00:00,3.0,906.0,youth_nonprofit,elite,243.67,219.45,0,0,0
Q0004,court_full,2025-09-20 20:00:00,1.5,1.0,school,plus,96.84,88.15,0,0,0
Q0005,court_full,2025-10-01 19:00:00,1.0,1.0,club,elite,89.81,94.23,0,0,1
Q0006,court_full,2025-11-20 01:00:00,1.5,973.0,school,elite,83.61,76.34,1,0,0
Q0007,court_full,2025-10-19 00:00:00,3.0,204.0,youth_nonprofit,basic,84.31,81.36,0,0,1
Q0008,court_full,2025-10-08 04:00:00,1.0,1.0,club,plus,62.21,63.27,1,2,0
Q0009,court_full,2025-11-05 01:00:00,1.0,613.0,individual,plus,76.04,79.33,1,0,0
Q0010,turf_full,2025-10-01 02:00:00,1.0,1.0,school,basic,246.3,222.11,0,2,0
Q0011,turf_half,2025-11-10 06:00:00,2.0,738.0,school,basic,158.47,160.39,1,0,0
Q0012,court_full,2025-10-17 08:00:00,1.5,164.0,individual,elite,88.62,91.46,1,1,0
Q0013,turf_full,2025-11-18 19:00:00,2.0,943.0,youth_nonprofit,basic,299.84,308.5,0,0,1
Q0014,court_full,2025-10-20 06:00:00,1.0,234.0,youth_nonprofit,elite,81.42,73.63,1,1,0
Q0015,court_full,2025-11-16 03:00:00,1.0,879.0,youth_nonprofit,basic,79.67,77.56,0,0,0
Q0016,court_full,2025-10-06 08:00:00,1.5,1.0,club,elite,69.72,69.0,0,2,1
Q0017,turf_full,2025-10-27 20:00:00,1.0,416.0,youth_nonprofit,plus,280.81,279.04,1,0,0
Q0018,turf_half,2025-10-11 20:00:00,2.0,32.0,school,plus,167.22,171.39,0,1,0
Q0019,turf_full,2025-10-18 22:00:00,1.5,202.0,youth_nonprofit,basic,231.06,220.86,0,2,0
Q0020,turf_half,2025-10-13 20:00:00,1.5,80.0,school,plus,174.62,181.88,0,0,1
Q0021,court_full,2025-09-24 02:00:00,3.0,1.0,club,basic,87.25,82.45,0,1,1
Q0022,turf_full,2025-11-18 18:00:00,2.0,942.0,school,plus,251.77,247.87,1,2,0
Q0023,turf_half,2025-09-26 02:00:00,2.0,1.0,individual,basic,165.48,157.11,0,1,0
Q0024,turf_full,2025-10-01 04:00:00,1.0,1.0,youth_nonprofit,elite,291.16,265.8,1,2,0
Q0025,court_full,2025-11-04 04:00:00,1.0,592.0,school,plus,94.68,96.06,0,2,0
Q0026,turf_full,2025-10-09 00:00:00,1.0,1.0,youth_nonprofit,plus,318.32,294.29,0,2,1
Q0027,turf_half,2025-10-15 10:00:00,1.5,118.0,club,elite,136.16,126.27,0,0,0
Q0028,court_full,2025-10-09 18:00:00,2.0,1.0,individual,basic,96.33,90.64,0,2,1
Q0029,turf_full,2025-11-03 01:00:00,1.5,565.0,club,elite,294.81,277.65,1,0,0
Q0030,turf_half,2025-10-24 21:00:00,3.0,345.0,youth_nonprofit,basic,163.45,159.74,1,0,0
Q0031,turf_full,2025-11-19 05:00:00,3.0,953.0,club,plus,257.24,255.91,0,0,0
Q0032,turf_full,2025-10-27 20:00:00,2.0,416.0,club,elite,296.74,267.6,1,0,0
Q0033,turf_half,2025-09-21 19:00:00,1.5,1.0,club,basic,146.42,140.69,0,2,1
Q0034,turf_full,2025-11-03 19:00:00,2.0,583.0,youth_nonprofit,elite,308.31,320.23,1,0,1
Q0035,turf_half,2025-09-23 06:00:00,1.5,1.0,club,elite,134.47,133.47,1,1,0
Q0036,court_full,2025-10-14 05:00:00,1.0,89.0,youth_nonprofit,basic,72.46,67.45,0,0,1
Q0037,turf_half,2025-11-05 21:00:00,2.0,633.0,club,plus,134.25,128.28,1,1,0
Q0038,turf_full,2025-10-25 18:00:00,1.5,366.0,youth_nonprofit,elite,224.69,217.01,1,0,0
Q0039,turf_full,2025-11-05 07:00:00,3.0,619.0,youth_nonprofit,plus,244.23,233.14,0,1,1
Q0040,turf_half,2025-09-22 23:00:00,2.0,1.0,club,plus,154.89,156.78,0,0,0
Q0041,turf_half,2025-11-12 01:00:00,3.0,781.0,club,plus,125.21,122.24,0,0,0
Q0042,turf_full,2025-11-11 04:00:00,3.0,760.0,individual,basic,250.9,262.45,1,0,0
Q0043,court_full,2025-10-06 03:00:00,1.0,1.0,school,plus,84.43,82.4,0,0,0
Q0044,turf_half,2025-09-30 07:00:00,1.5,1.0,youth_nonprofit,elite,172.26,171.69,1,2,0
Q0045,turf_half,2025-10-28 09:00:00,1.0,429.0,school,plus,187.31,173.15,0,2,1
Q0046,court_full,2025-10-25 09:00:00,1.0,357.0,school,elite,63.19,63.5,0,1,0
Q0047,turf_half,2025-11-14 04:00:00,3.0,832.0,club,elite,132.95,133.78,1,2,0
Q0048,court_full,2025-11-16 04:00:00,2.0,880.0,school,plus,84.35,76.79,1,0,1
Q0049,turf_full,2025-10-09 06:00:00,3.0,1.0,school,basic,236.43,215.62,1,0,1
